id,sentence,paraphrased_sentence,option1,option2,answer
1,"La coupe n'entre pas dans la valise marron, car _ est trop grande.",Impossible de faire entrer la coupe dans la valise marron puisque _ est trop grande.,la valise,la coupe,2
2,"Paul a essayé de joindre Georges sur son téléphone, mais _ n'a pas réussi.","Paul a tenté d'appeler Georges sur son portable, cependant _ n’a pas réussi à le joindre.",Paul,Georges,1
3,"L'avocat a posé une question au témoin, mais _ a refusé de la répéter.","Après avoir interrogé le témoin, l’avocat s’est heurté au refus de _, qui n’a pas voulu répéter la question.",l'avocat,le témoin,1
4,Nicolas n'a pas pu soulever son fils car _ était trop faible.,"Comme _ était trop faible, Nicolas n’a pas réussi à porter son fils.",Nicolas,son fils,1
5,"Les lycéens harcelaient les collégiens, donc on a punis _.","À cause du harcèlement envers les collégiens, on a finalement sanctionnés _.",les collégiens,les lycéens,2
6,J'ai versé l'eau de la carafe dans la tasse jusqu'à ce que _ soit vide.,L’eau de la carafe a été transvasée dans la tasse jusqu’à ce que _ se retrouve vide.,la tasse,la carafe,2
7,Bernard a payé les études de Charles. _ est très généreux.,"Les frais de scolarité de Charles ont été réglés par Bernard, car _ est particulièrement généreux.",Charles,Bernard,2
8,"Bernard a payé les études de Charles, mais celui-ci ne l'a pas remercié. _ est vraiment blessé.","Bien que Bernard ait financé les études de Charles sans recevoir de remerciement, _, en est profondément affecté.",Bernard,Charles,1
9,"Si l'escroc avait réussi à tromper Samuel, _ aurait pu gagner beaucoup d'argent.","En cas de réussite de la tromperie contre Samuel, _ aurait empoché une grosse somme d’argent.",l'escroc,Samuel,1
10,Le poisson a mangé le ver. _ était affamé.,"Après avoir avalé le ver, _, était affamé.",le poisson,le ver,1
11,"Pendant la tempête, l'arbre est tombé et s'est écrasé sur le toit de ma maison. Maintenant je dois déplacer _.","Lors de la tempête, un arbre s’est abattu sur le toit de ma maison ; il faut désormais enlever _.",le toit,l'arbre,2
12,Joël a vendu son ancienne maison et en a acheté une nouvelle maison à quelques kilomètres. Il va déménager ce jeudi de _.,"Après avoir vendu son ancienne maison pour en acquérir une nouvelle maison à quelques kilomètres, Joël quittera _ ce jeudi.",son ancienne maison,sa nouvelle maison,1
13,Les gens qui commencent à lire les livres de Paul ne peuvent plus les lâcher. _ sont enthousiastes car Paul écrit vraiment bien.,"Dès qu’ils ouvrent un livre de Paul, les lecteurs deviennent passionnés ; _ se montrent enthousiastes grâce à son talent d’écriture.",les gens,les livres de Paul,1
14,"Claire a frappé à la porte de Sylvie, mais personne n'a répondu. _ était déçue.","Personne n’ayant répondu lorsque Claire a frappé chez Sylvie, _ s’est sentie déçue.",Sylvie,Claire,2
15,"Claire a frappé à la porte de Sylvie, et Sylvie a ouvert. _ l'a invitée à venir dehors.","Lorsque Claire a frappé, Sylvie lui a ouvert la porte et _ l’a invitée à sortir.",Sylvie,Claire,2
16,"Simon a pris des cours de français avec Adam, car _ voulait parler français couramment.","Pour que Simon parle français couramment, _ a décidé de suivre des cours avec Adam.",Adam,Simon,2
17,"Le chemin pour aller au lac était bloqué, donc on n'a pas pu emprunter _.","Comme le chemin au lac était obstrué, il nous a été impossible d’emprunter _.",le lac,le chemin,2
18,"On est allé au lac, car un requin a été aperçu dans la mer, c'était plus sûr de nager _.","Un requin ayant été aperçu en mer, nous avons préféré nous rendre au lac afin de nager _.",dans le lac,dans la mer,1
19,"Fred et Alice ont des manteaux très chauds, mais _ ne sont pas préparés pour l'hiver en Alaska.","Bien que Fred et Alice possèdent des manteaux très chauds, _ ne sont pas prêts pour l’hiver en Alaska.",les manteaux,Fred et Alice,2
20,Dupont a visité la tombe de Dubois en 1765. A cette date _ était sur la route depuis cinq ans.,"En 1765, lorsque Dupont s’est rendu sur la tombe de Dubois, _ était déjà en voyage depuis cinq ans.",Dubois,Dupont,2
21,"Henry a été très influencé par Arnault, même si _ a vécu deux siècles plus tard.","Malgré l’écart de deux siècles, Henry a subi l’influence d’Arnault, alors que _ a vécu bien plus tard.",Henry,Arnault,1
22,"Je ne peux pas couper la planche avec cette scie, _ est trop épaisse.","Impossible de scier correctement la planche avec cet la scie, car _ est trop épaisse.",la scie,la planche,2
23,"La nuit, les renards entrent dans la cour et attaquent les poules. Je devrais tuer _.","Chaque nuit, des renards pénètrent dans la cour pour s’en prendre aux poules ; il faudrait éliminer _.",les poules,les renards,2
24,Fred regardait la télé quand Georges est parti faire les courses. Une heure après _ s'est levé.,"Tandis que Fred était devant la télévision, Georges est sorti faire des courses ; une heure plus tard, _ s’est finalement levé.",Georges,Fred,2
25,Fred est le seul homme encore vivant à se rappeler de mon arrière grand-père.  _ est un homme remarquable.,"Parmi tous les hommes encore en vie, seul Fred se souvient de mon arrière-grand-père ; _ est vraiment remarquable.",mon arrière grand-père,Fred,2
26,"Fred est le seul homme encore vivant à se rappeler de mon père quand il était un enfant. Quand Fred a vu mon père pour la première fois, _ avait 18 ans.","Seul Fred, encore en vie aujourd’hui, se rappelle de mon père enfant ; lors de leur première rencontre entre Fred et mon père, _ avait 18 ans.",Fred,mon père,1
27,"En juillet, le Kamchatka a déclaré la guerre à Yakoutsk. Comme l'armée de Yakoutsk était bien mieux équipée que celle du Kamchatka, _ ont gagné en quelques semaines.","En juillet, le Kamchatka est entré en guerre contre Yakoutsk ; puisque l’armée de Yakoutsk surpassait largement celle du Kamchatka, _ ont remporté la victoire en quelques semaines.",le Kamchatka,Yakoutsk,2
28,"Il y a trop de cerfs dans le parc, et les gardes forestiers ont introduit une petite meute de loups. La population _ devrait rapidement diminuer.","Face à la surpopulation de cerfs dans le parc, les gardes forestiers ont relâché quelques loups ; la population _ devrait donc baisser rapidement.",des cerfs,des loups,1
29,Les archéologues ont découvert que des hommes préhistoriques vivaient à Laputa il y a 20 000 ans. _ cherchaient des indices sur les berges de la rivière.,"Après avoir établi que des hommes préhistoriques occupaient Laputa il y a 20 000 ans, les archéologues expliquaient que _ fouillaient les berges de la rivière à la recherche d’indices.",les archéologues,les hommes préhistoriques,1
30,La police a arrêté tous les membres d'un gang. _ essayaient de stopper un trafic de drogue dans le quartier.,"Tous les membres d’un gang ont été interpellés par la police ; auparavant, _ tentaient de mettre fin à un trafic de drogue dans le quartier.",le gang,la police,2
31,J'ai mis le gâteau dans le frigo. Il y a beaucoup de sucre _.,"Après avoir placé le gâteau dans le frigo, j’ai remarqué qu’il y avait beaucoup de sucre _.",dans le gâteau,dans le frigo,1
32,"Samuel s'est tordu les deux chevilles et il marche avec des béquilles. D'ici un mois, _ devraient être guéries.","Après s’être foulé les deux chevilles et devoir marcher avec des béquilles, Samuel espère que d’ici un mois _ seront rétablies.",les béquilles,les chevilles,2
33,"Les partisans du nouveau projet de loi sont arrivés à la mairie, ils ont été surpris que la salle soit pleine d'opposants. _ étaient en minorité.","À la mairie, les partisans du nouveau projet de loi ont découvert une salle remplie d’opposants ; _ se retrouvaient en minorité.",les opposants,les partisans,2
34,"Tout le monde a aimé les biscuits à l'avoine; seules quelques personnes ont préféré ceux aux pépites de chocolat. La prochaine fois, il faudra faire plus _.","Les biscuits à l’avoine ont plu à presque tout le monde, contrairement à ceux aux pépites de chocolat ; la prochaine fois, il faudra préparer davantage _.",de biscuits à l'avoine,de biscuits au chocolat,1
35,"Je n'ai pas trouvé de cuillère, et j'ai pris un stylo pour remuer mon café. Mauvaise idée: _ s'est retrouvé plein de café.","Faute de cuillère, j’ai utilisé un stylo pour mélanger mon café ; résultat, _ a fini couvert de café.",le stylo,le café,1
36,Stéphane suit toujours l'exemple de Fred. _ l' admire énormément.,Stéphane prend constamment Fred comme modèle ; _ l’admire profondément.,Stéphane,Fred,1
37,La table ne passe pas par la porte parce qu'elle est trop large.,"Impossible de faire passer la table par la porte, car _ est trop large.",la porte,la table,2
38,"Jean a promis à Benoît de partir, et _ est parti au bout d'une heure.","Après que Jean a promis à Benoît de partir, _ a quitté les lieux une heure plus tard.",Benoît,Jean,2
39,"Claire a frappé à la porte de Sylvie, mais _ n'a pas eu de réponse.","Lorsque Claire a frappé chez Sylvie, _ n’a obtenu aucune réponse.",Claire,Sylvie,1
40,Joël a payé le détective quand _ a reçu le rapport final sur l'affaire.,Le paiement du détective par Joël a eu lieu une fois que _ a reçu le rapport final concernant l’affaire.,le détective,Joël,2
41,Gérard a appelé le barman. _ a rendu sa pinte vide.,"Une fois le barman appelé par Gérard, _ a rendu sa pinte vide.",Le barman,Gérard,2
42,Thomas a conduit Raphaël en voiture parce que _ n'aime pas conduire tout seul.,"Si Thomas a pris le volant pour Raphaël, c’est parce que _ n’apprécie pas de conduire seul.",Raphaël,Thomas,2
43,"Benoît a passé son assiette à moitié pleine à Jean, car _ n'avait pas faim.","Comme _ n’avait plus faim, Benoît a tendu son assiette encore à moitié pleine à Jean.",Jean,Benoît,2
44,Benoît a passé la gameboy à Jean. Car ce n'était pas le tour_.,"Benoît a remis la gameboy à Jean, puisque ce n’était pas le tour_.",de Benoît,de Jean,1
45,Thierry ne voulait pas partager ses jouets avec Benoît. _ a pleuré.,"Refusant de partager ses jouets avec Benoît, Thierry a provoqué les larmes de _.",Thierry,Benoît,2
46,Le Dr. Vincenot a informé Michel qu'il avait _ et a évoqué avec lui son traitement à venir.,Le Dr. Vincenot a annoncé à Michel qu’il avait _ puis a discuté avec lui des prochaines étapes du traitement.,un cancer,pris sa retraite,1
47,Claire a donné des bonbons à Jeanine parce que _ n'avait pas faim.,"Puisque _ n’avait pas faim, Claire a offert des bonbons à Jeanine.",Jeanine,Claire,2
48,Jérémy a demandé une faveur à Robert mais _ a essuyé un refus.,"C’est Jérémy qui a demandé une faveur à Robert, mais c'est qui _ a essuyé un refus.",Jérémy,Robert,1
50,"Joël a vu son frère faire du ski à la télévision hier soir, mais _ ne l'a pas reconnu.","Hier soir, en regardant la télévision, Joël a aperçu son frère en train de skier, cependant _ ne l’a pas reconnu.",le frère de Joël,Joël,2
51,"Les conseillers municipaux ont refusé une autorisation aux manifestants, car _ craignent la violence.","Les manifestants se sont vu refuser l’autorisation par les conseillers municipaux, car _ redoutent des violences.",les conseillers municipaux,les manifestants,1
52,"Alors qu'elles courent à la même vitesse, Sarah a battu Sabine car _ a réussi son départ.","Bien que Sarah et Sabine aient couru à vitesse égale, la victoire est revenue à Sarah parce que _ a pris un meilleur départ.",Sarah,Sabine,1
53,La sculpture est tombée de l'étagère car _ était trop lourde.,"Si la sculpture a chuté de l’étagère, c’est que _ était trop lourde.",la sculpture,l'étagère,1
54,Le dessin de Sam est accroché au dessus de celui de Tina. Les oeuvres mises en valeurs sont placées le plus haut possible. Le _ est mis en valeur.,"Le dessin de Sam se trouve au-dessus de celui de Tina ; comme les œuvres mises en valeur occupent l’emplacement le plus élevé, le _ bénéficie de cette mise en avant.",le dessin de Sam,le dessin de Tina,1
55,"François s'est fâché contre Thomas, car le grille-pain que _ lui a acheté ne marche pas.",François s’est mis en colère contre Thomas parce que le grille-pain que _ lui avait offert ne fonctionne pas.,François,Thomas,1
56,Pierre envie Martin même si _ est bien plus brillant.,"Bien que _ soit nettement plus brillant, Pierre envie toujours Martin.",Pierre,Martin,1
57,"Simon a expliqué sa théorie à Marc, mais _ ne l'a pas convaincu.","Après l’explication de sa théorie par Simon à Marc, _ n’a pas été convaincu.",Marc,Simon,2
58,Il y a du savon dans le siphon de douche. _ faut le retirer.,Du savon bloque le siphon de la douche ; _ doit être retiré.,le siphon,le savon,2
59,"Le rendez-vous n'a commencé qu'à 16:00 et mon train était à 16:30 donc j'étais pressé. Heureusement, _ a été de courte durée.","Comme le rendez-vous n’a débuté qu’à 16h alors que mon train partait à 16h30, j’étais pressé ; heureusement, _ n’a pas duré longtemps.",mon train,le rendez-vous,2
60,La pluie a commencé à tomber au début d'une séance de yoga en plein air et _ a continué jusqu'à vingt-deux heures.,"Une séance de yoga en plein air venait de débuter quand il s’est mis à pleuvoir, et _ a duré jusqu’à vingt-deux heures.",la séance,la pluie,2
61,"J'ai pris un vieux chiffon pour nettoyer le couteau, ensuite j'ai mis _ au linge sale.","Après avoir nettoyé le couteau avec un vieux chiffon, j’ai mis _ au linge sale.",le couteau,le chiffon,2
62,"Anne a demandé à Marie les horaires de fermeture de la bibliothèque, car _ les avait oubliés.","Les horaires de fermeture de la bibliothèque ayant été oubliés par _, Anne les a demandés à Marie.",Marie,Anne,2
63,"Je n'ai pas pu mettre la carafe sur l'étagère, parce que _ était trop lourde.","Impossible de poser la carafe sur l’étagère, car _ était trop lourde.",la carafe,l'étagère,1
64,Pierre jouait aux cartes avec Adam qui menait au score. Si la chance d'Adam n'avait pas tourné _ aurait perdu.,"Alors que Pierre jouait aux cartes contre Adam, qui était en tête, si la chance d’Adam ne s’était pas inversée, _ aurait perdu.",Adam,Pierre,2
65,Un chien s'était assis sur la pelouse mais il s'est rapidement déplacé sous un arbre parce qu'il faisait trop chaud _.,"Un chien se trouvait sur la pelouse avant d’aller sous un arbre, car il faisait trop chaud _.",sous l'arbre,sur la pelouse,2
66,Anne a accouché d'une fille le mois dernier. _ épanouie.,"Le mois dernier, Anne a donné naissance à une fille ; _ est épanouie.",Anne,la fille d'Anne,1
67,Le chien courait après un chat qui a alors grimpé dans un arbre. _ est resté en bas toute la nuit.,"Poursuivi par le chien, le chat a grimpé dans un arbre, tandis que _ est resté en bas toute la nuit.",le chat,le chien,2
68,Jean faisait son jogging dans le parc quand il a vu un homme jongler avec des pastèques. _ était très impressionné.,"En courant dans le parc, Jean a aperçu un homme jonglant avec des pastèques ; _ était très impressionné.",Jean,le jongleur,1
69,Boris a fait un malaise sur le trottoir et Carlo s'est approché pour l'aider. _ était très faible.,"Après que Boris a fait un malaise sur le trottoir et que Carlo s’est approché pour lui porter secours, _ était très faible.",Carlo,Boris,2
70,Pierre et Marc sont poursuivis pour diffamation. Pierre a écrit dans leur livre plusieurs faux témoignages que Marc a colportés. _ aurait dû être plus honnête.,"Poursuivis pour diffamation, Pierre et Marc sont impliqués : Pierre a rédigé de faux témoignages que Marc a relayés ; _ aurait dû faire preuve de plus d’honnêteté.",Pierre,Marc,1
71,Marie a pris son violon pour jouer un de ses morceaux favoris. Il possède _ depuis son enfance.,"Pour interpréter l’un de ses morceaux préférés, Marie a pris son violon ; elle possède _ depuis son enfance.",le violon,le morceau,1
72,"Sarah a emprunté un livre à la bibliothèque, elle en a besoin pour un article sur lequel elle travaille. Elle lira _ à la maison.","Ayant besoin d’un livre de la bibliothèque pour rédiger un article, Sarah prévoit de lire _ chez elle.",l'article,le livre,2
73,"Esther pense qu'elle économisera sur les frais de port si elle installe son usine à Toulouse au lieu de Lille. En effet, beaucoup de ses clients habitent à _.","Pour réduire les frais de port, Esther envisage d’implanter son usine à Toulouse plutôt qu’à Lille, car nombre de ses clients vivent à _.",Lille,Toulouse,2
74,Les scientifiques étudient trois espèces de poissons trouvées récemment dans l'océan indien. _ ont commencé il y a deux ans.,Trois espèces de poissons découvertes récemment dans l’océan Indien font l’objet de recherches ; _ ont débuté il y a deux ans.,les scientifiques,les poissons,1
75,Denis a dû empêcher Benoît de maltraiter l'oiseau blessé. _ est vraiment compatissant.,"Lorsque Benoît s’en prenait à l’oiseau blessé, Denis est intervenu pour l’arrêter ; _ est vraiment compatissant.",Denis,Benoît,1
76,"Prise en tenaille par la défense, Emma n'a pas pu envoyer la balle à Jeanine parce qu'elle avait vu que _ était démarquée.","Coincée par la défense, Emma a renoncé à passer la balle à Jeanine après avoir constaté que _ était démarquée.",Jeanine,Emma,1
77,"Le scooter a dépassé le bus scolaire, car _ roulait trop vite.","Le bus scolaire s’est fait dépasser par le scooter, puisque _ roulait à une vitesse excessive.",Le scooter,Le bus scolaire,1
78,Marc a dit que son adversaire Frank méritait largement sa victoire. _ fut flatté.,"Après que Marc a reconnu que Frank méritait pleinement sa victoire, _ en a été flatté.",Marc,Frank,2
79,L'éponge de Paul va abîmer la carafe : _ est en fer.,"La carafe risque d’être endommagée par l’éponge de Paul, car _ est en fer.",la carafe,l'éponge,2
80,Jean n'a pas pu voir la scène : Benoît était devant lui et _ est plus petit.,"La vue de Jean était bloquée, puisque Benoît se tenait devant lui et que _ est plus petit.",Benoît,Jean,2
81,Anna a mieux réussi l'examen que son amie Lucy car _ avait beaucoup révisé.,"À l’examen, Anna a obtenu de meilleurs résultats que Lucy, parce que _ avait énormément étudie.",Anna,Lucy,1
82,Les pompiers sont arrivés avant les policiers alors que _ venaient de plus loin.,"Bien que _ soient partis de plus loin, les pompiers sont arrivés avant les policiers.",Les pompiers,Les policiers,1
83,"Jérémy s'est emporté contre Kevin, car _ était très contrarié.","Jérémy s’est fâché contre Kevin, car _ était très contrarié.",Kevin,Jérémy,2
84,"Le sac de pommes de terre est au-dessus du sac de farine, donc il faudra déplacer _ en premier.","Comme le sac de pommes de terre est posé au-dessus du sac de farine, _ devra être déplacé en premier.",le sac de farine,le sac de pommes de terre,2
85,J'ai étalé la nappe sur la table pour montrer _.,"Afin de mettre en valeur _, j’ai étendu la nappe sur la table.",la table,la nappe,2
86,Sylvie est au courant de tous les problèmes personnels de Marie car _ est curieuse.,"Si Sylvie connaît tous les problèmes personnels de Marie, c’est parce que _ est curieuse.",Marie,Sylvie,2
87,Sandrine a appris que le fils d'Anne avait eu un accident car _ l'a prévenue.,Sandrine a été informée de l’accident du fils d’Anne parce que _ l’a prévenue.,Anne,Sandrine,1
88,"Le frère jumeau de Joël arrive toujours à le battre au tennis, même si _ a suivi deux ans de cours en moins.","Au tennis, le frère jumeau de Joël gagne toujours contre lui, bien que _ ait pris deux ans de cours en moins.",le frère de Joël,Joël,1
89,Le tableau dans le salon de Mark représente un arbre. _ est placé à droite de la bibliothèque.,"Dans le salon de Mark, un tableau représentant un arbre est accroché ; _ se trouve à droite de la bibliothèque.",le tableau,l'arbre,1
90,J'ai sorti le portable de mon sac pour que _ soit plus accessible.,"Afin de rendre _ plus facile à atteindre, j’ai sorti le portable de mon sac.",mon sac,le portable,2
91,"Je suis sûre que ce monument est dans mon guide, _ est incontournable.","Ce monument doit figurer dans mon guide, car _ est incontournable.",le guide,le monument,2
92,La chatte attendait la souris à côté du trou. _ était très impatiente.,"Près du trou, la chatte guettait la souris ; _ était très impatiente.",la chatte,la souris,1
93,"J'ai mis la clé dans la serrure, mais elle était bouchée avec du chewing-gum, je n'ai pas pu extirper _.","Après avoir inséré la clé dans la serrure bouchée par du chewing-gum, je n’ai pas réussi à retirer _.",la clé,la serrure,1
94,Le braqueur est entré dans la banque et a poignardé un des guichetiers. _ a été condamné presque immédiatement.,"Après être entré dans la banque et avoir poignardé un guichetier, _ a été condamné presque aussitôt.",le braqueur,le guichetier,1
95,Samuel et Amélie sont passionnément amoureux mais les parents d'Amélie sont contre cette relation car _ sont jeunes.,Les parents d’Amélie s’opposent à la relation entre Samuel et Amélie parce que _ sont trop jeunes.,Samuel et Amélie,les parents d'Amélie,1
96,Les renards viennent la nuit dans la cour et attaquent les lapins. _ sont devenus téméraires.,"La nuit, des renards pénètrent dans la cour pour attaquer les lapins ; _ sont devenus téméraires.",les lapins,les renards,2
97,Gabrielle est contente d'avoir échangé son pull contre mon gilet. Elle pense que _ est très démodé.,"Après avoir échangé son pull contre mon gilet, Gabrielle estime que _ est très démodé.",le pull,le gilet,1
98,Regarde! Il y a un requin qui nage juste en dessous de ce canard ! _ devrait vite se mettre à l'abri !,Attention ! Un requin nage juste sous ce canard ; _ devrait rapidement se mettre à l’abri !,le requin,le canard,2
99,J'ai lâché une aile de papillon sur la table et _ s'est cassée.,"En laissant tomber une aile de papillon sur la table, _ s’est cassée.",la table,l'aile de papillon,2
100,Lindsey aimait lire des romans graphiques mais Natalie aimait lire de la littérature classique. _ a acheté la nouvelle bande dessinée de Frank Miller à la librairie.,"Lindsey aimait lire des romans graphiques, mais Natalie préférait la littérature classique. La nouvelle bande dessinée de Frank Miller à la librairie a été achetée par _.",Lindsey,Natalie,1
101,"Pour faire un glaçage, j’avais besoin de pudding qui se trouvait dans un magasin à 15 minutes, mais du glaçage déjà préparé était dans un magasin à 5 minutes. Le _ était plus proche.","Pour préparer le glaçage, j'avais besoin d'un pudding qui se trouvait dans un magasin à 15 minutes de chez moi, mais le glaçage pré-préparé se trouvait dans un magasin à 5 minutes de chez moi, ce qui fait que l'option la plus proche était _.",pudding,glaçage,2
102,Mary pensait que les caniches étaient des chiens cool mais Rachel trouvait les dogues allemands plus cool. _ a acheté un petit panier pour chien pour son animal.,"Mary pensait que les caniches étaient un chien cool, mais Rachel pensait que les grands danois étaient plus cool. Pour leur animal de compagnie, _ a acheté un petit lit pour chien.",Mary,Rachel,1
103,Joel a étudié les lois et a aidé à ouvrir une école maternelle pour Eric. Parce que _ est très doué avec les enfants.,"Joel a fait des recherches sur les lois et a aidé à ouvrir une école maternelle pour Eric, car _ est très doué avec les enfants.",Joel,Eric,2
104,"Angela pense que son mari pourrait la tromper avec Lindsey, et _ avoue lors du dîner.",Angela pense que son mari la trompe peut-être avec Lindsey. La personne qui avoue lors du dîner est _.,Angela,Lindsey,2
105,Jill avait un budget limité donc elle a seulement acheté une nouvelle robe pour la cérémonie et a porté un vieux chapeau. Elle a pensé que  _ serait plus remarqué.,"Jill avait un budget serré et s'est contentée d'acheter une nouvelle robe pour la cérémonie et de porter un vieux chapeau, pensant que l'élément le moins visible serait  _.",la robe,le chapeau,1
106,"Randy a donné son cœur à Brian, et _ leur a bientôt dit qu’ils auraient dû garder leur cœur pour eux.","Randy a donné son cœur à Brian, et bientôt celui qui leur a dit qu'ils auraient dû garder leur cœur pour eux a été _.",Randy,Brian,2
107,"Mary voulait se faire un autre piercing à l’oreille, mais le _ était beaucoup trop petit.","Mary voulait se faire un autre piercing dans l'oreille, mais il était beaucoup trop petit,  _.",l'oreille,le piercing,1
108,"Mary voulait se faire un autre piercing à l’oreille, mais le _ était beaucoup trop grand.","Mary voulait se faire un autre piercing dans l'oreille, mais il était beaucoup trop grand,  _.",l'oreille,le piercing,2
109,L’adolescent a trouvé que le nouveau chapeau ne remplaçait pas sa chemise cool.  _ était juste cool à porter à l’école.,"L'adolescent a constaté que le nouveau chapeau ne remplaçait pas sa chemise cool. C'était juste cool à porter à l'école,  _.",le chapeau,la chemise,2
110,Mary aidait la fille de Patricia à se maquiller mais _ regarde beaucoup de tutoriels de maquillage.,"Mary aidait la fille de Patricia à se maquiller, mais celle qui regarde beaucoup de tutoriels de maquillage est _.",Mary,Patricia,2
111,Mary aidait la fille de Patricia à se maquiller parce que _ regarde beaucoup de tutoriels de maquillage.,"Mary aidait la fille de Patricia à se maquiller, car celle qui regarde beaucoup de tutoriels de maquillage est _.",Mary,Patricia,1
112,Il voulait passer le temps à la maison plutôt qu’au terrain de jeu parce que tout le monde au _ était amusant.,"Il voulait tuer le temps à la maison plutôt qu'au terrain de jeu, parce que tout le monde s'amusait au _.",terrain de jeux,maison,2
113,Dieu aimait contrôler le jour et la nuit mais le _ était trop lumineux.,"Dieu aimait contrôler le jour et la nuit, mais il faisait trop clair pendant les _.",jour,nuit,1
114,"Amy pensait être le miroir de Natalie, mais _ ne pouvait pas être convaincue de voir la ressemblance.","Amy pensait qu'elle était l'image inversée de Natalie, mais celle qui ne pouvait pas être convaincue de la similitude était _.",Amy,Natalie,2
115,La feuille récupérée peut facilement se cacher dans l’espace de la porte. _ est fine.,La feuille récupérée peut facilement être cachée entre les espaces de la porte en raison de la minceur de _.,la feuille,l'espace,1
116,La feuille récupérée peut facilement se cacher dans l’espace de la porte. _ est large.,"Entre l'espace de la porte, la feuille récupérée peut facilement être cachée en raison de la largeur de  _.",la feuille,l'espace,2
117,Steven pense qu’on peut acheter le bonheur mais Craig pense le contraire car _ est très réaliste.,"Steven pense qu'ils peuvent acheter le bonheur, mais Craig pense le contraire, car le plus réaliste est _.",Steven,Craig,2
118,Steven pense qu’on peut acheter le bonheur mais Craig pense le contraire car _ est très matérialiste.,"Steven pense qu'on peut acheter le bonheur, mais Craig pense le contraire, car celui qui est très matérialiste est _.",Steven,Craig,1
119,Pendant l’entraînement Rachel a poussé Megan dans ses retranchements pour se préparer au match parce que _ était l’entraîneur.,"Tout au long de l'entraînement, Rachel a repoussé les limites de Megan pour qu'elle soit prête pour le match parce que l'entraîneur était _.",Rachel,Megan,1
120,"Brett naviguait sur internet quand il a trouvé l’information contrairement à Randy, _ préfère utiliser des livres.","Brett naviguait sur Internet et a trouvé l'information, contrairement à Randy. Celui qui préfère utiliser les livres est _.",Brett,Randy,2
121,Dennis sait que Jeffrey aime les animaux et _ sait qu’il veut aller au zoo pour les voir.,"Dennis sait que Jeffrey est un amoureux des animaux et qu'il veut aller au zoo pour les voir, ce qui est connu par _.",Dennis,Jeffrey,1
122,Le président a fait son discours à l’auditorium plutôt qu’au parc parce que _ était plus grand.,Le président a prononcé son discours à l'auditorium plutôt qu'au parc parce que la location la plus grande était  _.,auditorium,parc,1
123,"Quand Steven a découvert que son T-shirt avait rétréci au lavage, la première réaction de Robert a été de rire, et _ est ensuite devenu en colère.","Lorsque Steven a constaté que leur T-shirt avait rétréci dans la blanchisserie, la première réaction de Robert a été de rire. Celui qui s'est ensuite mis en colère est _.",Steven,Robert,1
124,Rebecca pensait que les films Disney étaient les meilleurs à regarder mais Samantha préférait les films d’horreur. _ a loué Saw chez Redbox.,"Rebecca pensait que les films de Disney étaient la meilleure chose à regarder, mais Samantha préférait les films d'horreur. C'est ainsi que _ a loué Saw dans Redbox.",Rebecca,Samantha,2
125,Laura a apporté des extensions à Monica au salon pour que _ puisse traiter ses dreadlocks de manière professionnelle.,"Laura a apporté des extensions à Monica au salon, afin que _ puisse traiter leurs dreads de manière professionnelle.",Laura,Monica,2
126,Samuel a essayé sans succès de convaincre Brett de sécher l’école parce que _ était un élève absentéiste qui ne suivait pas les règles.,Samuel a essayé en vain de convaincre Brett de sécher l'école parce que l'absentéiste qui ne respectait pas les règles était _.,Samuel,Brett,1
127,"L’administration fiscale a envoyé une lettre à Tim l’informant de l’audit, qui pouvait avoir lieu à la maison ou au bureau. Tim a choisi le cadre confortable de _ .","L'IRS a envoyé à Tim une lettre l'informant de l'audit, qui pouvait avoir lieu à la maison ou au bureau.  Tim a choisi le cadre confortable de _ .",bureau,maison,2
128,Mon arme a été inspectée avec un chiffon pour s’assurer qu’elle fonctionnait bien. _ était doux.,Mon arme a été inspectée à l'aide d'un chiffon pour s'assurer qu'elle fonctionnait correctement. L'objet mou était  _.,le chiffon,arme,1
129,"La température en hiver est très différente de celle de l’été, _ est toujours plus basse.","La température en hiver est très différente de celle de l'été, la basse saison étant toujours _.",été,l'hiver,2
130,Rachel a dit à Patricia d’acheter du talc au magasin mais _ avait aussi les pieds moites.,"Rachel a dit à Patricia d'aller chercher de la poudre pour bébé au magasin, mais celle qui avait aussi les pieds moites était _.",Rachel,Patricia,2
131,"À la plage, Emily a ramassé des coquillages pour sa mère Maria. _ a poli les coquillages avant de les offrir.","À la plage, Emily a ramassé des coquillages pour sa mère Maria. Avant de les offrir, les coquillages ont été polis par _.",Emily,Maria,1
132,"Victoria était impatiente de conclure la grosse vente avec Sarah, car _ avait l’argent ce jour-là.","Victoria était impatiente de faire la grande vente à Sarah, car celle qui avait l'argent ce jour-là était _.",Victoria,Sarah,2
133,"Robert prenait des cours de chant avec Randy, parce que _ était connu pour être dans American Idol.",Robert a pris des cours de chant auprès de Randy en raison de l'apparition connue de _ sur American Idol.,Robert,Randy,2
134,À la plage Cynthia aimait porter un bikini mais Laura non parce que _ avait un ventre plat.,"Sur la plage, Cynthia aimait porter un bikini, mais pas Laura, à cause du ventre plat de _.",Cynthia,Laura,1
135,"Au lycée Matthew était le plus populaire auprès des professeurs tout comme Steven l’était auprès des élèves, _ était apprécié par les adolescents.","Au lycée, Matthew était le plus populaire parmi les enseignants, Steven était le plus populaire parmi les élèves. Celui que les adolescents aimaient le plus était _.",Matthew,Steven,2
136,Lawrence aimait regarder des films étrangers avec des sous-titres contrairement à Jason parce que _ critiquait la langue originale du film.,"Lawrence aimait regarder des films étrangers sous-titrés, contrairement à Jason, car la langue originale du film était critiquée par _.",Lawrence,Jason,2
137,Lawrence aimait regarder des films étrangers avec des sous-titres contrairement à Jason parce que _ appréciait la langue originale du film.,"Lawrence aimait regarder des films étrangers sous-titrés, contrairement à Jason, car la langue originale du film était appréciée par _.",Lawrence,Jason,1
138,Victoria pleurait encore la mort d’un ami plus qu’Elena parce que _ avait une relation très proche avec cet ami.,"Victoria pleurait encore la mort d'une amie plus qu'Elena, parce que celle qui avait une relation très proche avec cette amie était _.",Victoria,Elena,1
139,"Samantha suivait strictement son régime tandis que Sarah mangeait ce qu’elle voulait, et _ a mangé du poulet et du brocoli toute la semaine.","Samantha a suivi leur régime à la lettre tandis que Sarah a mangé ce dont elle avait envie, et toute la semaine, c'est du poulet et des brocolis que _ a mangé.",Samantha,Sarah,1
140,Il semblait plus probable que Brett porte un fedora plutôt que Justin parce que _ était connu pour s’habiller avec style.,"Il semblait plus probable que Brett porte un fedora plutôt que Justin, car celui qui était connu pour s'habiller avec style était _.",Brett,Justin,1
141,Il semblait plus probable que Brett porte un fedora plutôt que Justin parce que _ ne s’habillait pas souvent avec style.,"Il semblait plus probable que Brett porte un fedora plutôt que Justin, car celui qui ne s'habillait pas souvent de manière élégante était _.",Brett,Justin,2
142,Mon visage était plus familier au bar qu’à la salle de sport parce que j’allais très rarement  _.,Mon visage était plus familier au bar qu'à la salle de sport car je n'allais que très rarement  _.,au bar,á la salle du sport,2
143,Emily a dit que le hijab de Victoria était ridicule et démodé. _ a entendu des choses très offensantes.,Emily a déclaré que le hijab de Victoria était ridicule et démodé. Des propos très offensants ont été entendus par _.,Emily,Victoria,2
144,Emily a dit que le hijab de Victoria était ridicule et démodé. _ a dit des choses très offensantes.,Emily a déclaré que le hijab de Victoria était ridicule et démodé. Des propos très offensants ont été tenus par _.,Emily,Victoria,1
145,Ian devait ajuster le rétroviseur et Craig non parce que _ était plus petit que le propriétaire de la voiture.,Ian a dû ajuster le rétroviseur et Craig ne l'a pas fait parce que le propriétaire de la voiture était plus grand que _.,Ian,Craig,1
146,On m’a dit que ma vue baissait donc je dois prendre des lunettes ou des lentilles. Je pense que je ne prendrai pas les lentilles puisque _ semblent moins confortables.,On m'a dit que mes yeux ne fonctionnaient plus et que je devais porter des lunettes ou des lentilles. Je ne pense pas que je prendrai des lentilles. Celles qui semblent moins confortables sont les _.,les lunettes,les lentilees,2
147,Je me demande toujours pourquoi les gens préfèrent lire dans une bibliothèque plutôt qu’à la maison parce que le manque de personnes  à _ faciliterait la concentration.,Je me demande toujours pourquoi les gens préfèrent lire dans une bibliothèque plutôt qu'à la maison parce qu'il est plus facile de se concentrer en raison de l'absence de personnes à _.,la bibliothèque,la maison,2
148,Je me demande toujours pourquoi les gens préfèrent lire dans une bibliothèque plutôt qu’à la maison parce que le nombre de personnes au _ rendrait la concentration difficile.,"Je me demande toujours pourquoi les gens préfèrent lire dans une bibliothèque plutôt que chez eux, parce qu'il serait difficile de se concentrer avec le nombre de personnes présentes à la _.",la bibliothèque,la maison,1
149,Le jus de la mangue ne pouvait pas remplir la tasse parce que _ est petit.,Le jus de la mangue n'a pas pu remplir la tasse en raison de la petite taille de _.,mangue,tasse,1
150,Bobby a dû utiliser son stylo pour terminer l’examen plutôt que le crayon parce que _ était plein d’encre.,"Bobby a dû utiliser son stylo pour terminer l'examen plutôt que son crayon, car il y avait beaucoup d'encre dans le _.",stylo,crayon,1
151,Erin a montré à Maria comment utiliser correctement la fourchette et le couteau puisque _ avait fréquenté une école d’étiquette.,"Erin a montré à Maria comment utiliser la fourchette et le couteau de manière appropriée, puisque celle qui a fréquenté l'école d'étiquette était _.",Erin,Maria,1
152,Rebecca a demandé à Kayla d’éteindre les lumières mais _ ne voulait pas aller dormir.,"Rebecca demande à Kayla d'éteindre la lumière, mais c'est _ qui ne veut pas s'endormir.",Rebecca,Kayla,2
153,Jason considère Benjamin et lui comme amis donc _ fait beaucoup d’efforts dans leur relation.,"Jason considère que Benjamin et lui sont des amis, et _ fait donc beaucoup d'efforts pour améliorer leur relation.",Jason,Benjamin,1
154,Jason considère Benjamin et lui comme amis même si _ fait peu d’efforts dans leur relation.,"Jason considère que Benjamin et lui sont amis, même si _ ne fait pas beaucoup d'efforts pour améliorer leur relation.",Jason,Benjamin,2
155,Matt voulait changer soit la salle de bain simple soit la chambre colorée mais _ était déjà colorée.,"Matt voulait changer soit la salle de bain ordinaire, soit la chambre colorée, mais celle qui l'était déjà était la _.",la chambre,la salle de bain,1
156,Matt voulait changer soit la salle de bain simple soit la chambre colorée mais _ était déjà simple.,"Matt voulait changer soit la salle de bain sobre, soit la chambre colorée, mais celle qui était déjà sobre était la _.",la chambre,la salle de bain,2
157,La neige est tombée tellement fort que Michael a dû déneiger l’allée de Kevin parce que _ avait accepté de s’occuper de ses voisins.,"La neige est tombée en si grande quantité que Michael a dû déneiger l'allée de Kevin, car il existait un accord entre ses voisins et _ pour s'occuper de son allée.",Michael,Kevin,1
158,La fille a utilisé le peigne pour essayer de se brosser les cheveux mais _ était trop souple.,"La jeune fille a utilisé le peigne pour se brosser les cheveux, même si le fait qu'ils soient trop doux reste un problème pour la _.",cheveux,peigne,2
159,Sarah lève les yeux au ciel pendant que Monica vante les vertus du vinaigre comme solution de nettoyage universelle puisque _ s’ennuie.,"Sarah roule des yeux tandis que Monica vante les vertus du vinaigre comme solution de nettoyage pour tout, puisque celui qui s'ennuie est _.",Sarah,Monica,1
160,Nelson a toujours eu les meilleures amitiés sauf avec Neil puisque _ était toujours si poli.,"Nelson a toujours eu les meilleures amitiés, sauf avec Neil, à cause de la politesse de _.",Nelson,Neil,1
161,"Derrick aimait vraiment travailler dans les ressources humaines et William voulait travailler dans la même entreprise, et _ a ensuite accepté un poste.","Derrick aimait beaucoup travailler dans les ressources humaines et William voulait travailler dans la même entreprise, et le poste a ensuite été accepté par _.",Derrick,William,2
162,La chambre à l’hôtel coûtait plus cher que la chambre à l’auberge parce que _ était plus agréable.,La chambre de l'hôtel a coûté plus cher que celle de l'auberge parce qu'elle était plus belle à _.,hôtel,auberge,1
163,Il trouvait plus difficile d’écrire la lettre que le courriel parce que _ avait si peu de mots.,Il a trouvé qu'il était plus difficile d'écrire la lettre que l'e-mail en raison du peu de mots que contenait le _.,lettre,e-mail,2
164,Carrie adore mettre du sucre dans le café contrairement à Laura parce que _ pense que le café a meilleur goût.,"Carrie aime mettre du sucre dans le café, contrairement à Laura, parce que le café a meilleur goût, du moins c'est ce que pense _.",Carrie,Laura,1
165,Ben devait vider à la fois l’eau et l’huile dans l’évier mais _ était trop visqueux.,"Ben a dû vidanger l'eau et l'huile dans l'évier, mais celle qui s'est avérée trop visqueuse était la _.",l'huile,l'eau,1
166,Ben devait vider à la fois l’eau et l’huile dans l’évier mais _ était trop fluide.,"Ben a dû vidanger l'eau et l'huile dans l'évier, mais c'est  _ qui s'est avéré trop liquide.",l'huile,l'eau,2
167,John a peint le poteau en rouge proche de la couleur du mur et a peint le cadre en blanc et maintenant _ est similaire.,"John a peint le poteau en rouge, proche de la couleur du mur, et a peint le cadre en blanc, ce qui fait que le poteau similaire est maintenant le _.",cadre,champ,2
168,"Les cheveux de Ian sont en train d’être coiffés par Craig, donc il est plus probable que _ soit le client.","Les cheveux de Ian sont coiffés par Craig, il est donc plus probable que le client soit _.",Ian,Craig,1
169,Erin a un adolescent tandis que Patricia a des enfants en bas âge parce que _ est devenue mère plus tard.,"Erin a un adolescent, tandis que Patricia a des enfants en bas âge, car _ est devenue mère plus tard.",Erin,Patricia,2
170,Neil était un élève très populaire à l’école contrairement à Jeffrey parce que _ était très extraverti.,"Neil était très populaire à l'école, contrairement à Jeffrey, à cause de l'extraversion de _.",Neil,Jeffrey,1
171,Le match à la télévision était très important pour Ian mais pas pour Dennis parce que _ s’intéressait plutôt à la musique.,"Le match télévisé était très important pour Ian, mais pas pour Dennis, car celui qui s'interesse à la musique était _.",Ian,Dennis,2
172,"Lors du bal de rentrée du lycée, Natalie est restée sur la piste pour la danse lente tandis que Maria allait chercher à manger parce que _ avait rompu avec son partenaire.","Lors du bal de fin d'année de leur lycée, Natalie est restée sur la piste pour le slow tandis que Maria a mangé pendant le bal, parce que celle qui avait rompu avec son compagnon était _.",Natalie,Maria,2
173,"Lors du bal de rentrée du lycée, Natalie est restée sur la piste pour la danse lente tandis que Maria allait chercher à manger parce que _ avait actuellement un partenaire.","Lors du bal de fin d'année de leur lycée, Natalie est restée sur la piste pour le slow tandis que Maria a mangé pendant le bal, parce que celle qui avait un partenaire était _.",Natalie,Maria,1
174,"Adam passait toujours tout son temps libre à regarder la télévision contrairement à Hunter qui faisait du bénévolat, en raison de _ étant paresseux.","Adam passait tout son temps libre à regarder la télévision, contrairement à Hunter qui se portait volontaire, en raison de la paresse de _.",Adam,Hunter,1
175,Samantha devait utiliser le pot tandis que Felicia utilisait les toilettes parce que _ est adulte.,Samantha a dû aller sur le pot pendant que Felicia allait aux toilettes parce que l'adulte ici est _.,Samantha,Felicia,2
176,"S’abstenir de boire était facile pour Kyle mais pas pour Eric, puisque _ n’a jamais apprécié le goût de l’alcool.","S'abstenir de boire était facile pour Kyle, mais pas pour Eric, car _ n'a jamais apprécié le goût de l'alcool.",Kyle,Eric,1
177,"Kenneth est accusé d’avoir détruit des cloisons sèches dans la maison de Jeffrey, _ loue la maison.","Kenneth est accusé d'avoir détruit des cloisons sèches dans la maison de Jeffrey, qui est louée par _.",Kenneth,Jeffrey,2
178,John a décidé de cultiver une nouvelle variété de plante dans son jardin mais _ est grand.,"John a décidé de faire pousser une nouvelle espèce de plante dans son jardin, mais il s'avère qu'elle est très grande, la _.",jardin,plante,2
179,Angela aimait porter des lunettes de soleil mais Jessica non. _ a acheté une nouvelle paire de chaussures élégantes.,"Angela aimait porter des lunettes de soleil, mais pas Jessica. _ a acheté une nouvelle paire de chaussures de luxe.",Angela,Jessica,2
180,Mary dit à tout le monde que Christine est trop collante parce que _ aime être touchée.,Mary dit à tout le monde que Christine est trop collante parce que celle qui aime être touchée est _.,Mary,Christine,2
181,James est tombé dans un fossé en essayant d’attraper le ballon lancé vers lui. _ est plus loin.,"James a marché dans un fossé en essayant d'attraper la balle qu'on lui lançait, l'objet le plus éloigné étant  _.",le fossé,la balle,2
182,"Christopher a essayé de vider toute l’eau du réservoir dans le jardin parce que Michael le lui avait demandé, mais _ n’a pas réussi à tout vider.","Christopher a essayé de vider toute l'eau du réservoir dans la cour parce que Michael le lui avait demandé, mais _ n'a pas réussi à tout faire sortir.",Christopher,Michael,1
183,La montre ne pouvait pas s’ajuster correctement au bras parce qu’elle avait été coupée par une lame. _ était court.,La montre ne pouvait pas être placée correctement sur le bras parce qu'elle avait été coupée par une lame. L'article court était  _.,la montre,la lame,1
184,"Chez Jan, elle dépoussiérait la commode plus souvent que le ventilateur parce que _ était plus facile à atteindre.","Chez Jan, elle époussetait plus souvent la commode que le ventilateur, car il était plus facile d'atteindre  _.",le ventilateur,la commode,2
185,"Chez Jan, elle dépoussiérait la commode plus souvent que le ventilateur parce que _ était plus difficile à atteindre.","Chez Jan, elle époussetait plus souvent la commode que le ventilateur, car il était plus difficile d'atteindre  _.",le ventilateur,la commode,1
186,"Michael a préparé des œufs marinés pour Kenneth, mais _ aimait vraiment les siens et voulait les partager.","Michael a préparé des œufs au vinaigre pour Kenneth, mais la personne qui aimait vraiment les siens et voulait les partager était _.",Michael,Kenneth,2
187,Le chien a couru dans la chambre pendant l’orage tandis que nous sommes restés dans la cuisine parce que la pluie était plus douce dans _ .,"Le chien s'est réfugié dans la chambre à coucher pendant l'orage, tandis que nous sommes restés dans la cuisine parce que la pluie était plus douce dans la _ .",cuisine,chambre,2
188,"Robert n’était tout simplement pas aussi stoïque que Joel, puisque _ avait tendance à gérer les choses avec grâce.","Robert n'était tout simplement pas aussi stoïque que Joel, car _ avait tendance à gérer les choses avec élégance.",Robert,Joel,2
189,"Mon employeur offre une prime sous forme de téléphone ou de télévision, mais malheureusement _ est beaucoup trop grand pour être utile.","Mon employeur offre en prime un téléphone ou une télévision, mais malheureusement, l'objet qui est bien trop grand pour être utile est le _.",le téléphone,la télévision,1
190,"Mon employeur offre une prime sous forme de téléphone ou de télévision, mais malheureusement _ est beaucoup trop petit pour être utile.","Mon employeur offre en prime un téléphone ou une télévision, mais malheureusement, ce qui est bien trop petit pour être utile est _.",le téléphone,la télévision,2
191,"Au bal, Adam a invité la fille à danser avant Donald, donc _ est en colère contre lui-même.","Parce qu'Adam a demandé à la fille du bal de danser avant Donald, celui qui est en colère contre lui-même est _.",Adam,Donald,2
192,Les livres de fiction étaient intéressants et faciles à lire pour Logan mais pas pour Brett parce que _ préférait des histoires vraies.,"Les livres de fiction étaient intéressants et faciles à lire pour Logan, mais pas pour Brett, car les histoires vraies étaient ce que _ aimait.",Logan,Brett,2
193,Personne n’aurait remarqué la tache sur cette peau parce que _ est petite.,Personne n'aurait remarqué la tache sur cette peau en raison de la petite taille de _.,la tache,la peau,1
194,"Je ne savais pas quel serait mon costume pour Halloween, Peter Pan ou Blanche-Neige. Si je choisis le costume de _  je devrais porter une robe.",Je n'arrivais pas à savoir quel serait mon costume pour Halloween : Peter Pan ou Blanche-Neige. Je devrais porter une robe si je choisissais le costume de _.,Peter Pan,Blanche-Neige,2
195,"Je ne savais pas quel serait mon costume pour Halloween, Peter Pan ou Blanche-Neige. Si je choisis le costume de _ je devrais me déguiser en garçon.",Je n'arrivais pas à savoir quel serait mon costume pour Halloween : Peter Pan ou Blanche-Neige. Je devrais me transformer en garçon si je choisissais le costume de _.,Peter Pan,Blanche-Neige,1
196,"Des deux propriétaires, Jessica était bien pire que Jennifer parce que _ aimait s’occuper des chiens.","Des deux propriétaires, Jessica était bien pire que Jennifer car celle qui aimait garder les chiens était _.",Jessica,Jennifer,2
197,"Christopher se préparait à laver les cheveux de Joel, donc _ a sorti du shampoing près de l’évier et s’est assis sur la chaise.","Christopher s'apprêtait à laver les cheveux de Joël, et c'est _ qui a pris le shampoing près de l'évier et s'est assis sur la chaise.",Christopher,Joel,2
198,Laura a demandé à Rachel si elle pouvait emprunter des vêtements parce que _ adorait son sens de la mode.,"Laura a demandé à Rachel si elle pouvait lui emprunter des vêtements, car son sens de la mode faisait l'admiration de _.",Laura,Rachel,1
199,"Erin connaissait le cadeau parfait pour la fête prénuptiale, mais Samantha devait faire des recherches, car _ connaissait moins bien la mariée.","Erin connaissait le cadeau parfait pour la fête prénuptiale, mais Samantha devait faire des recherches, car la mariée connaissait à peine _.",Erin,Samantha,2
200,Elle voulait acheter plus de vêtements et a finalement choisi la robe en velours plutôt que la veste en jean parce que _ était plus adapté au quotidien.,"Elle voulait acheter d'autres vêtements et a finalement opté pour la robe en velours au lieu de la veste en jean, car l'article le plus décontracté était le _.",robe,veste,2
201,"Laura n’a absolument rien acheté pour l’anniversaire de Betty, parce que _ a oublié d’en parler.","Betty a oublié d’en parler, et c’est pour cela que Laura n’a rien acheté pour l’anniversaire de _.",Laura,Betty,2